CATEGORIA,VENTAS TOTALES,PRDOCUTOS,RELACION
procesadores,371726,9,413.0288888888889
discos duros,93496,13,71.92
tarjetas de video,136224,19,71.69684210526316
tarjetas madre,127321,18,70.73388888888888
memorias usb,2519,2,12.595
pantallas,11278,12,9.398333333333333
bocinas,8478,10,8.478
audifonos,9135,13,7.026923076923077
